StringID,ApplyTable,Text
120001,1,스테이지 클리어
120002,1,몬스터 처치
120003,1,최대 스킬 레벨
120004,1,스킬 조합
120005,1,공격력 강화
120006,1,체력 강화
120007,1,방어력 강화
120008,1,치명타확률 강화
120009,1,치명타데미지 강화
120010,1,체력 회복 강화
120011,1,골드 획득 증가 강화
120012,3,공격력
120013,3,방어력
120014,3,체력
120015,3,치명타 확률
120016,3,치명타 데미지
120017,3,골드 획득
120018,3,체력 회복
120019,4,평범한 자줏빛 티셔츠
120020,4,정열의 셔츠
120021,4,웜톤은 저리가 자켓
120022,4,핑크 줄무늬 반팔티
120023,4,삐약 삐약 병아리
120024,4,수정 마법봉
120025,4,농부의 쇠스랑
120026,4,가넷 스태프
120027,4,약수터 할아버지의 고목나무 가지
120028,4,에메랄드 지팡이
120029,4,검은색 슬랙스
120030,4,베이지 골덴 바지
120031,4,보라색 레깅스
120032,4,패션 롱 부츠
120033,4,무난한 청바지
120034,4,파란색 소심한 눈 
120035,4,빨간색 졸린 눈
120036,4,핑크색 평범한 눈
120037,4,초록색 사나운 눈
120038,4,주황색 화난 눈
120039,4,정열의 주인공 헤어
120040,4,초록색 헬멧 헤어
120041,4,검은색 긴 생머리 그녀
120042,4,철강의 연금술사
120043,4,보라색 무스 헤어
120044,4,평범한 레드 망토
120045,4,중고로 산 가죽 망토
120046,4,사슴 가죽 화살집
120047,4,커다란 망토
120048,4,자연의 망토
120049,4,쿨 가죽 자켓
120050,4,핫 탱크탑
120051,4,깜찍한 멜빵
120052,4,청량한 파란색 바람막이
120053,4,소매가 포인트라구요 상의
120054,4,삼장의 석장
120055,4,초전도 삼지창
120056,4,노랑 가시 메이스
120057,4,나무가시 루비 완드
120058,4,공주의 홀 지팡이
120059,4,앙증맞은 애나멜 구두
120060,4,어두운 스키니 진
120061,4,세련된 청바지
120062,4,스웨이드 미들 부츠
120063,4,루즈삭스 부츠
120064,4,갈색 순댕이 눈
120065,4,초록색 소녀 눈
120066,4,갈색 화려한 눈
120067,4,파란색 억울한 눈
120068,4,파란색 째진 눈
120069,4,밍밍 헤어
120070,4,멋쟁이 모히칸
120071,4,바람헤어
120072,4,아이스크림 헤어
120073,4,히메컷 헤어
120074,4,다크니스 망토
120075,4,비싸보이는 활집
120076,4,핑크색은 정석이다 망토
120077,4,히어로 망토
120078,4,바람에 휘날리는 낭만 망토
120079,4,젤..링크의 옷
120080,4,산뜻한 카라티
120081,4,청자켓 벨트 상의
120082,4,톰 브라운 티셔츠
120083,4,단추 달린 댄디 셔츠
120084,4,독 포자 버섯 지팡이
120085,4,기생 식물 파스파툴리아
120086,4,뒤틀린 황천의 메아리
120087,4,강철 킹 크랩 집게 완드
120088,4,헤르메스의 지팡이 레플리카
120089,4,빈티지 가죽 바지
120090,4,빨간색 에나멜 부츠
120091,4,물빠진 청바지
120092,4,기모가 들은 바지
120093,4,찢어진 청바지
120094,4,초록색 둥근 눈
120095,4,주황색 스모키 아이
120096,4,브라운 소심한 눈
120097,4,노란색 졸린 눈
120098,4,보라색 평범한 눈
120099,4,낀토키 헤어
120100,4,하츄네 미쿵 헤어
120101,4,블러드 헤어
120102,4,마지 심승 헤어
120103,4,파도 헤어
120104,4,명예가 있는 망토
120105,4,짜임새 좋은 망토
120106,4,다크다크 망토
120107,4,길이가 긴 망토
120108,4,네이비 망토
120109,4,빨간색 리본 맨투맨
120110,4,벨트가 멋있는 자켓
120111,4,레이어드 셔츠
120112,4,빨간 넥타이 마법학교 교복
120113,4,하모니 벌꿀 셔츠
120114,4,새끼 언데드 드래곤의 자취
120115,4,골렘 세포체 지팡이
120116,4,흡혈귀의 머리를 꿰뚫은 성스러운 말뚝
120117,4,무덤 지기의 시계 추
120118,4,보낼수없는 지팡이
120119,4,엄마가 사준 바지
120120,4,유행 타는 바지
120121,4,주황색 에어로빅 레깅스
120122,4,불탄다 레드 정장 바지
120123,4,무신사 랭킹 바지
120124,4,하늘색 평범한 눈
120125,4,보라색 화난 눈
120126,4,회색 순댕이 눈
120127,4,하늘색 소녀 눈
120128,4,핑크색 화려한 눈
120129,4,포도알 헤어
120130,4,초코 아이스크림 헤어
120131,4,마기마 헤어
120132,4,패셔니스타 헤어
120133,4,훈남 헤어
120134,4,흰둥이 꼬리
120135,4,비싼 화살집
120136,4,황금빛 망토
120137,4,딸기우유 망토
120138,4,악어가죽 망토
120139,4,하늘색 벨트 자켓
120140,4,방울 토마토 멜빵
120141,4,무채색 셔츠
120142,4,초록색 카라 티
120143,4,파란색 수련복
120144,4,장수 사슴 투구벌레의 뿔
120145,4,인디언 대족장의 태양 완드
120146,4,드루이드의 넝쿨 지팡이
120147,4,팀의 체력을 책임질 성기사 스태프
120148,4,소울이터의 낫 
120149,4,롱 양말
120150,4,빨간색 토슈즈
120151,4,멋쟁이 카우보이 바지
120152,4,엠지식 퍼플 바지
120153,4,사이버펑크 형광색 하의
120154,4,회색 억울한 눈
120155,4,보라색 째진 눈
120156,4,빨간색 퀭한 눈
120157,4,노란색 컬러렌즈 눈
120158,4,빨간색 화난 눈
120159,4,유키 헤어
120160,4,단정한 브라운 단발 헤어
120161,4,닭다리 헤어
120162,4,이츠고 헤어
120163,4,사무라이 헤어
120164,4,오렌지 빛 망토
120165,4,황금 활집
120166,4,바다를 품은 망토
120167,4,자연을 품은 망토
120168,4,얼룩 무늬 고양이 꼬리
120169,4,비싸보이는 골프복
120170,4,에루메스 자켓
120171,4,나무 정령 복장
120172,4,급류의 치파오 상의
120173,4,북극 노인의 빨간 내복
120174,4,크립토데이트 스태프
120175,4,테슬라 코일
120176,4,미카엘의 심판봉
120177,4,매지컬 슬레이어
120178,4,신수의 깃털 완드
120179,4,민트 하이힐
120180,4,독일 석탄 광부의 숨결이 깃든 바지
120181,4,핑크 공주가 되어 볼래?
120182,4,보라색 운동화
120183,4,하트여왕의 구두
120184,4,핑크색 순댕이 눈
120185,4,노란색 소녀 눈
120186,4,하늘색 물망초 눈
120187,4,주황색 환상의 눈
120188,4,빨간색 악마 눈
120189,4,토또 헤어
120190,4,사랑스런 헤어
120191,4,셜록홈즈 모자 헤어
120192,4,최쥰 헤어
120193,4,갸로우 헤어
120194,4,아이스 망토
120195,4,성검을 담은 검집
120196,4,누렁이 꼬리
120197,4,마녀의 망토
120198,4,페어리 날개
120199,5,기본 재화인 골드. 
120200,5,귀중한 재화 다이아
120201,5,골드 던전에 들어가기 위해서 필요한 열쇠
120202,5,다이아 던전에 들어가기 위해서 필요한 열쇠
120203,5,장비 뽑기를 하기 위해서 필요한 티켓
120204,5,장비를 강화하기 위해서 필요한 재화
120205,5,골드
120206,5,다이아
120207,5,골드 던전 열쇠
120208,5,다이아 던전 열쇠
120209,5,장비 뽑기 티켓
120210,5,강화석
120211,6,필드 최대 개수 증가
120212,6,소환 쿨타임 감소
120213,6,소환 스킬 레벨 증가
120214,6,자동 소환 쿨타임 감소
120215,6,자동 조합 쿨타임 감소
120216,6,필드 최대 개수 증가 테스트용 텍스트 입니다.
120217,6,소환 쿨타임 감소 테스트용 텍스트 입니다.
120218,6,소환 스킬 레벨 증가 테스트용 텍스트 입니다.
120219,6,자동 소환 쿨타임 감소 테스트용 텍스트 입니다.
120220,6,자동 조합 쿨타임 감소 테스트용 텍스트 입니다.
120221,7,만나서 반갑습니다! 이제부터 저희 게임에서 제일 중요한 <color=#ff0000>스킬 조합법</color>과 전투 방식에 대해 설명 드리겠습니다!
120222,7,먼저 퀘스트를 진행 해 봅시다!
120223,7,스킬은 소환 버튼을 누르면 생성 됩니다! \n 스킬을 조합하기 위해서는 두개의 스킬이 필요 하니 \n 두개의 스킬을 소환 해 봅시다!
120224,7,한번 직접 눌러 볼까요?
120225,7,잘 하셨습니다! 조합 화면을 보시면 \n 1단계 스킬이 두개 소환 된 것을 보실 수 있습니다!
120226,7,같은 단계인 두개의 스킬을 합치면 \n 재료가 된 스킬은 사라지고 \n 더 강한 다음 단계의 스킬을 획득 할 수 있답니다.  \n  직접 조합 해 봅시다!
120227,7,좋습니다! 무사히 첫번째 퀘스트를 완료 하셨군요! \n 퀘스트를 터치하고 퀘스트 보상을 받아 봅시다!
120228,7,이번엔 만들어낸 2단계 스킬을 활용하여 \n 스테이지를 클리어 해봅시다! \n 일반 몬스터를 잡을 때 마다 스테이지 게이지가 차오르고 스테이지 게이지가 꽉차면 자동으로 보스가 소환됩니다! 
120229,7,만들어둔 스킬은 쿨타임 마다 \n 스킬이 자동으로 나가니 걱정 마세요! 
120230,7,게이지가 다 차서 이제 보스가 등장 할 거에요! \n 보스와의 전투를 벌여 볼까요?
120231,7,보스를 무사히 처치 하게 되면 \n 다음 스테이지로 넘어갈 수 있습니다! 
120232,7,만약 전투에서 죽게 되면 \n 해당 스테이지의 처음부터 시작 하게 되니 유의하세요! \n 아 참그렇게 되면 보스 자동 소환이 해제 되고 \n 직접 <color=#ff0000>보스 소환 버튼</color>을 눌러줘야 하니 잊지 마세요! 
120233,7,다음 퀘스트를 진행 해 볼까요? \n 마침 퀘스트 내용이 캐릭터 강화에 대한 내용이네요!
120234,7,캐릭터 강화는 우리를 더욱 강하게 성장 시켜줄 \n 다양한 능력치들을 강화 하는 것 이에요! \n 퀘스트를 따라 한번 직접 해봅시다!
120235,7,보시는 이 화면이 캐릭터의 능력치를  \n 강화 할 수 있는 화면 입니다! 
120236,7,강화 버튼을 누르면 골드가 소모되고 \n 능력치가 올라갑니다! \n 자 그럼 퀘스트에 따라 체력을 강화 해 봅시다!
120237,7,잘하셨습니다! 체력 말고도 여러가지의 캐릭터 능력치를 \n 강화 할 수 있으니 후에 확인 해보세요!
120238,7,"퀘스트가 완료 된 것 같으니 보상을 받아 봅시다~! \n 스킬을 조합하고 스테이지를 클리어 해보세요! \n   그리고 플레이 하는 동안 <color=#ff0000>강제종료</color>를 하게 되면 \n  제대로 저장 되지 않을 수 있으니, 꼭! <color=#ff0000>게임 종료</color>를 눌러 종료 해주세요!"
120239,7,여기가 바로 장비를 뽑을 수 있는 곳 입니다! \n 장비는 캐릭터에 장착하면 전투력을 성장 시킬 수 있는 \n 유용한 능력치를 얻을 수 있답니다!
120240,7,장비 뽑기는 1회 10회 30회 나누어 뽑을 수 있어요! \n 뽑기를 하기 위해선 기본적으로 다이아를 소모 하고 \n 뽑기권으로도 뽑기가 가능 하답니다!
120241,7,저희는 마침 퀘스트 보상으로 얻은 뽑기권 10개가 있으니 \n 10회 소환 해봅시다! 
120242,7,10개의 귀여운 장비가 뽑기에서 나왔네요! \n 보시는 것처럼 뽑기 결과는 소환 버튼 상단에서 \n 바로 확인 가능 합니다!
120243,7,획득한 장비는 인벤토리로 자동으로 이동 되니 \n 걱정하지 마세요~
120244,7,장비 뽑기에는 뽑기 레벨이 존재 해서 \n 뽑기를 진행 할 수록 횟수가 쌓이고 \n 뽑기 레벨이 오르게 됩니다!
120245,7,뽑기 레벨이 오르면 더 높은 등급의 장비가 해금되고 \n  나올 확률이 더 높아지니 \n  열심히 뽑기 레벨을 올려 보자구요! \n 하단의 X 버튼을 눌러서 보상을 받으러 갑시다!
120246,7,뽑기를 해서 퀘스트가 완료 되었네요! \n 퀘스트를 누르고 보상을 받으세요!
120247,7,장비 뽑기도 마쳤으니 뽑은 장비를 확인하러 \n 인벤토리로 이동 해 볼까요?
120248,7,이곳이 바로 인벤토리 화면 입니다! \n 이곳에서는 다양한 작업을 할 수 있어요! 
120249,7,부위 별로 얻은 장비를 확인 할 수 있고 \n 장비의 정보를 확인하고 분해 할 수도 있고 \n 장비를 강화 할 수도 있답니다!
120250,7,장비는 머리 얼굴 상의 하의 무기 망토 \n 6가지 부위로 나누어 장착 할 수 있습니다! 
120251,7,제가 차근 차근 알려 드릴게요! \n 우선 장비를 눌러 보시겠어요? 
120252,7,장비를 누르게 되면 \n 장비에 대한 정보를 확인 할 수 있습니다! \n 더불어 현재 착용 중인 장비 와도 \n 비교 할 수 있어 유용 하답니다!
120253,7,장비는 고유한 등급과 옵션을 가지고 있는데 \n 높은 등급을 가지고 있는 장비 일 수록 \n 더 좋은 옵션을 가진 장비가 나올 수 있답니다!
120254,7,하지만 높은 등급을 가지고 있더라도 운이 안 좋으면 \n 낮은 등급보다 옵션이 안 좋게 나올 수 있으니… \n 잘 비교 해보시고 장착 하시는 걸 추천 드릴게요!
120255,7,하단의 장착 버튼을 누르면 장비 장착이 가능합니다! \n 장착 해 보시겠어요?
120256,7,좋아요! 장착을 누르면 화면 상단의 캐릭터에 \n 장비가 장착 된 것을 확인 하실 수 있습니다!
120257,7,얻은 장비들은 분해 버튼을 통해서 분해를 할 수 있답니다! \n 분해 버튼을 눌러봅시다!
120258,7,분해 버튼을 누른 상태로 \n 원하는 장비를 누르면 선택이 됩니다! \n 예시로 한번 해 볼까요? \n 먼저 분해 하고자 하는 장비를 선택 해보세요!
120259,7,장비를 선택 하고 완료 버튼을 누르면 \n 분해를 할 수 있는 화면으로 이동 할 수 있어요! 
120260,7,분해를 진행 하기 전 선택 된 장비를 확인 할 수 있고 \n  몇 개의 강화석을 얻을 수 있는지도 확인 할 수 있습니다! 
120261,7,분해 한 장비는 되돌릴 수 없으니 \n 신중히 확인 하여 진행 해주세요! 
120262,7,장비가 많이 쌓였는데 일일히 누르기 번거로울 것 같죠? \n 그럴 줄알고 자동 선택 기능을 추가 해뒀답니다! \n 한번 직접 눌러보시겠어요?
120263,7,자동 선택은 원하는 부위 혹은 등급의 장비를 \n 일괄적으로 선택 해주는 기능이랍니다! \n 물론 부위와 등급을 복수로 선택도 가능해요!
120264,7,선택된 조건의 장비가 한번에 선택 되는 \n 아주 편리한 기능이니 적극 활용 하시길 바래요! \n 취소 버튼을 눌러 뒤로 돌아가 봅시다!
120265,7,이번엔 장비 강화에 대해서 배워 봅시다! \n 강화 버튼은 좌측 상단에 위치해요! \n  한 번 눌러 보시겠어요?
120266,7,이곳이 바로 장비를 강화 할 수 있는 화면 이랍니다~  \n 다만 꼭 알아두셔야 할 것이 있어요! \n 저희는 장비 하나하나를 강화하는 것이 아닌 \n 장비를 착용하는 <color=#ff0000>장착 칸</color>을 강화 할 수 있답니다!
120267,7,한마디로 어떤 장비를 끼든 \n 장착 칸이 강화 되어 있기 때문에 \n 같은 강화 효과를 받을 수 있답니다!
120268,7,저희는 헤어 칸을 강화 해볼까요?
120269,7,현재 머리 장착 칸은 0 레벨 이네요~  \n 1레벨로 만들어 볼까요?
120270,7,강화 할 때는 장비 분해를 통해 얻을 수 있는 \n  <color=#ff0000>강화석</color> 과<color=#ff0000>골드</color> 가 소모 된답니다! \n 아 참! 그전에 설명 드릴 중요한 부분이 있어요!
120271,7,강화 확률에 대해서 설명 드릴게요! \n 강화를 진행할 때는 확률에 따라 \n 성공할 수도 실패 할 수도 있답니다!
120272,7,처음에는 성공 확률 100%에서 시작 되지만 \n 레벨이 올라갈 수록 점점 확률이 낮아 질 거에요~  \n 그리고 강화를 실패하게 되면 재료는 돌려 받을 수 없어요..
120273,7,하지만 강화에 실패하면 성공확률을 조금씩 올려주니 \n 강화에 실패하더라도 너무 실망하지 마세요!
120274,7,이제 중요한 설명은 다 끝났으니 직접 강화 해봅시다! \n 이번에만 설명을 위해 특별히 강화석을 지급 해드릴 테니 \n 걱정 마시고 버튼을 눌러보세요!
120275,7,강화가 성공 됐군요! \n 그럼 이제 장비 착용 칸이 1레벨이 되었어요! 
120276,7,하지만 꼭 알아 두셔야 할 점이 있어요! \n 착용 칸 강화의 레벨은 장비의 등급에 따라 \n 적용 되는 레벨이 다르답니다! 
120277,7,예를 들어 C 등급 장비는 \n 착용 칸 강화 10 레벨 까지만 적용 됩니다! \n 즉 착용 칸 레벨은 11레벨까지 강화 하여도 \n 적용 되는 착용 칸 강화 레벨은 \n 10 레벨이 최대인 것이지요!
120278,7,이걸로 장비 강화는 끝났습니다! \n 장비 강화 어려울 거 하나 없죠~?  \n 이제 게임을 열심히 플레이하여 \n 열심히 장비를 모으고 강화 해봅시다!
120279,7,이곳이 던전을 진행 할 수 있는 화면 입니다! \n 골드를 획득 할 수 있는 골드 던전 \n 다이아를 획득 할 수 있는 다이아 던전 두가지가 있답니다!
120280,7,보상은 미리 확인 할 수 있으며 \n 던전의 단계가 올라감에 따라 \n 더 많은 보상을 받을 수 있어요!
120281,7,던전을 플레이 하기 위해서는 \n  <color=#ff0000>던전 열쇠</color> 라는 아이템이 필요해요! 
120282,7,던전 열쇠는 퀘스트로도 얻을 수 있고 \n 매일 자정 2개씩 지급 된 답니다!
120283,7,하지만 매일 지급 받는 열쇠는 \n 총 2개 까지만 소지 할 수 있어요! \n 지급 받은 2개를 사용 하지 않고 자정이 되면 \n  열쇠를 지급 받지 못할 수 있으니 주의 해주세요! 
120284,7,던전은 직접 입장해서 던전의 단계를 올릴 수 있는 <color=#ff0000>도전</color>  \n 그리고 던전에 입장 하지 않고 이전에 달성 해 놓은 단계의 \n 보상을 받을 수 있는  <color=#ff0000>소탕</color>   두가지로 나뉘어요!
120285,7,두 방법 모두 동일하게 \n 열쇠를 1개씩 사용 한답니다!
120286,7,자세한 던전 진행 방법에 대한 설명이 필요 하다면 \n 정보 보기 버튼을 눌러서 확인 해보세요! \n
120287,4,흔히 찾아 볼 수 있는 보라색 티셔츠. 통풍성 하나는 최고라서 시원 시원하다.
120288,4,멋쟁이가 되고 싶다면 입어 보는건 어때? 정열을 느껴봐!
120289,4,베이지색 단추 자켓 댄디하고 스마트한 이미지를 만들어 준다. 그런데...여름에 입으면 안될 것 같은데…? 
120290,4,큐티뽀짝한 핑크색 줄무늬 티셔츠. 스트라이프 무늬가 너무 앙증 맞다.
120291,4,삐약 삐약 병아리~ 봄에 어울리는 신상. 이번에 유행 할 것 같으니 하나 장만 해두자.
120292,4,푸른색 수정이 인상적인 마법봉
120293,4,농부가 애용 하는 쇠스랑. 비를 맞은 탓에 살짝 녹이 슬어 버렸다.
120294,4,붉은색 가넷이 매혹적이지만 사실.. 진품여부를 모른다.
120295,4,약수터 할아버지의 오랜 지팡이. 나뭇가지를 함부로 꺾으면 안된다.
120296,4,빛나는 에메랄드를 가지고 있는 지팡이.
120297,4,무난의 신 검은색 슬랙스 부들부들 하니 자주 손이 간다.
120298,4,베이지색 골덴 바지. 베이지 상의랑 입으면 세트로 입을 수 있을 것 같다.  \n  부들부들해서 겨울에 입기 좋겠는데?
120299,4,보라색 레깅스. 활동하기 편하고 눈에 띄어서 운동이 잘 될 것만 같다.
120300,4,패셔니스타만 입는다는 롱 부츠. 굽이 높아서 조심 해야 겠다.
120301,4,청바지는 어디에 입든 무난 하지. 흰 티셔츠에 매칭 해볼까?
120302,4,그녀의 눈안에는 호수가 들어 있다.
120303,4,과거에는 악마의 눈이라고 불리웠던 레드 아이.
120304,4,달콤한 딸기우유 빛 눈동자. 여성스러운 이미지를 한층 업 해준다
120305,4,마치 에메랄드를 품고 있는 것 같다. 눈물을 흘리면 보석이 나올까?
120306,4,미야옹 고양이 같은 화난 눈. 매서워 보일 수 있으나 눈동자 색은 따스한걸.
120307,4,예전부터 주인공 머리색은 빨간색 아니었어? 빠밤 주인공 헤어. 
120308,4,둥글둥글 헬멧 헤어. 자로 재놓은 듯한 깔끔하게 둥근 모양을 띄고 있다. 굴러가는건 ..아니겠지?
120309,4,검은 생 머리 그녀~ 자꾸만 생각나네~ 
120310,4,생명을 연성 해야 될 것 같은 머리. 앞머리가 매력적이다. 
120311,4,왁스를 많이 발라서 한 껏 멋을 낸 보라색 세팅 머리.
120312,4,어릴 적 나는 슈퍼맨이 되는 것이 꿈이었다. 이걸 착용 하면 이룰 수 있지 않을까?
120313,4,무난하게 착용 할 수 있는 망토. 질긴 가죽으로 만들어져 내구성이 튼튼하다
120314,4,사슴 가죽으로 만들어 부드럽고 질긴 화살집. 사슴의 영혼이 깃들어 있는 듯 하다.
120315,4,몸집이 더 커보이게 해주는 커다란 망토. 입고 있으면 범상치 않은 자태가 된다.
120316,4,자연 친화적인 망토. 나의 몸을 마치 풀과 같은 싱그러움으로 감싸 준다.
120317,4,쿨 해보이는 가죽 자켓. 마치 회색 빛 도시 안을 걷는 느낌을 준다.
120318,4,트렌디 탱크탑. 입으면 핫 걸이 될  수 있다. 
120319,4,귀여운 멜빵. 어깨위에 올라가는 끈이 너무 귀엽다.
120320,4,간지 뿜뿜 바람 막이. 잘 못입으면 등산복 같아 보일 수 있다. 아무나 소화하기 힘들어 보인다.
120321,4,소매가 포인트처럼 꾸며져 있다. 나의 매력은 손목이라구!
120322,4,삼장 법사가 들고 다녔다고 전해져 내려 오는 기분이 들게 하는 석장
120323,4,전부 절연체로 되어 있는 초전도 삼지창. 안전 해 보인다.
120324,4,머리통과 합쳐 질 것 같은 메이스. 가시가 왜 노랑색인지는 알 수 없다.
120325,4,루비와 나무가시가 자연스럽게 일체화 되어 있는 기묘한 모습을 가진 완드.
120326,4,어린 공주가 시냇가에서 빠뜨린 뒤로 행방을 알 수 없던 지팡이
120327,4,10대들 사이에서 유행 하는 애나멜 구두. 발 작은 사람이 신으면 더욱 앙증 맞다.
120328,4,어두운 색 스키니 진. 입으면 달라 붙어 불편하지만 스타일리쉬한 느낌을 준다.
120329,4,스타가 착용해서 유명해졌다던 팬츠. 다리가 얇아 보이게 해준다.
120330,4,스웨이드 미들 부츠. 카우보이를 연상케 하는 자태를 보인다.
120331,4,깜찍한 루즈삭스. 소화하기 어려워 보이나 막상 입으면 어디에나 이쁘다.
120332,4,순딩한 갈색 눈. 착해 보이는 눈매를 가지고 있다.
120333,4,스파클링 연두눈. 몰디브가서 모히또 한잔을 해야 될 것 만 같다.
120334,4,초코렌즈 예쁘장한 눈. 속눈썹이 길게 나있어서 매력이다.
120335,4,맑은 하늘을 담은 눈. 맑게 개어 있다.
120336,4,살짝 졸려보이기도 하는 눈. 반쯤 감긴 눈이 묘한 매력을 자아낸다.
120337,4,말차색 만두머리. 양갈래 위의 만두 모양이 귀여움을 나타낸다.
120338,4,강렬한 모히칸 머리. 그 누구도 나를 이길 수 없다!! 라고 말하고 있다
120339,4,바람에 날리는 모습을 하고 있는 바람머리. 부스스 해보이지만 자연스러운 매력이 있다.
120340,4,아이스크림을 얹어 놓은 것 같은 똥머리. 단정하게 쌓아올린 핑크색 똥머리가 인상적이다.
120341,4,히메컷을 하여 얼굴이 작아 보이는 효과를 만들어준다. 시원한 색상은 일석이조!
120342,4,예전 유적지에서 발견 되었다던 다크니스 망토. 위험하진 않겠지?
120343,4,철로 만들어져 살짝 무거운 느낌이 드는 화살집이다.  \n 그러나 그만큼 내구성이 좋고 포인트가 되는 부분이 있어 매력적이다.
120344,4,최신 유행  인디 핑크 망토. 초반에는 여성들 사이에서 유행 했으나 이젠 남녀노소 찾는 제품이라고 한다.
120345,4,멋쟁이 애착 망토. 어렸을때 누구나 이런 망토 가지고 싶지 않았나? 
120346,4,망토는 바람에 휘날릴 때 비로소 제값을 한다. 레드 바람 망토. 
120347,4,젤X의전설 에서 나오는 젤…링크가 입을 것 같은 옷이다.  
120348,4,흰색에 빨간색 카라가 포인트된 카라티. 골프복 같아 보이지만 입으면 제법 이쁘다.
120349,4,패션의 완성은 벨트지~ 벨트가 포인트가 된 멋쟁이 상의
120350,4,심플 Is Best. 단정하고 무드한 상의. 깔끔한 이미지를 연상 시켜 준다.
120351,4,댄디 한 스타일링을 하고싶다면 이옷은 어때요? 단추를 단정히 잠궈 봐요.
120352,4,독의 기운을 머금은 버섯이 자라난 지팡이. 가까이 두면 기관지에 매우 안좋다.
120353,4,오래된 고목에 기생 하는 기생 식물. 사용자의 마력을 먹고 성장하며 부작용은 알려져 있지 않다.
120354,4,불길한 신음 소리가 새어 나오는 것 같다. 기분 탓은 아닌듯 하다.
120355,4,몸이 강철로 이루어져 있다는 강철 킹 크랩의 집게 손이다. 맛있는 냄새가 난다.
120356,4,고대 그리스 신 헤르메스의 지팡이의 복사품. 원본 보다 위력은 살짝 덜 하다.
120357,4,일자핏 브라운 바지. 세일 할 때 들여 왔다. 무난해서 손이 자주 간다.
120358,4,빨간 신을 신으면 기분이 좋거든요~ 앙증맞은 빨간 구두.
120359,4,블루진 색깔에 물이 빠진 느낌의  팬츠. 빈티지하다.
120360,4,크리스마스에 선물로 많이 나갔다던 바지. 기모가 들어있어 따듯하다.
120361,4,기본 블루 청바지 진. 어디에 입든 찰떡이다. 
120362,4,서양문화권에서 제법 보인다는 그린 아이. 둥근 눈매를 가지고 있으니  정말 이쁘다. 
120363,4,눈화장을 진하게 하고 그를 만나러 간다. 스모키 화장 좋아하는 사람은 좋을 거에요!
120364,4,소심한 눈매를 가진 눈. 소심하지만 의외로 당돌 할 수도 있다.
120365,4,노란색 개나리를 연상 시키는 눈동자. 봄이 벌써 왔네~
120366,4,퍼플 째진눈. 인상은 쎄보이지만 사실 마음은 가녀리다.
120367,4,백발 짧은 머리. 마치 어딘가의 해결사와 닮은 머리다. 기분 탓일까?
120368,4,인터넷에서 유명한 가수의 머리를 따왔다던데… 민트색 양갈래가 예쁘다.
120369,4,빨간색 윤기가 흐르는 머리. 언니 샴푸 어떤거 써요?
120370,4,노란색 피부를 가지고 있어야 할 것 같은 머리. 파마기가 심해 보인다.
120371,4,곱슬기가 심한 머리. 앞머리가 갈라져 있는 것이 매력 포인트.
120372,4,왕실 기사단이 사용 했다던 망토. 명예가 오를것만 같다.
120373,4,대대로 물려 받은 망토. 유서가 깊어서 자랑스럽게 매고 다닐 수 있다.
120374,4,다크다크 기운이 올라올 것 만 같은 마왕 망토. 사연이 있을 것만 같다.
120375,4,길이가 긴 망토. 바닥에 끌리지 않도록 조심해야 한다. 키큰 사람들이 입으면 좋을 것 같다.
120376,4,네이비 색을 가진 망토. 선물 받았는데 제법 재질이 좋아 아끼고 있다.
120377,4,앞엔 달린 빨간 리본이 포인트가 된다. 소녀다움을 어필 해준다. 
120378,4,주황색 벨트가 몸매를 보정해 줌과 동시에 깔끔한 스타일을 연출 해 준다.
120379,4,레이어드 셔츠. 안쪽에 있는 레이어드 티가 힙한 느낌을 주려 하고 있다.
120380,4,마법 학교 교복. 빨간색 타이가 포인트가 되어 패션으로 자리 잡았다.
120381,4,꿀벌을 연상케 하는 스트라이프 티셔츠. 벌이 친구라 말걸면 어떡하지?
120382,4,태어나자마자 부모 드래곤과 생이별한 새끼 언데드의 유해. 밤마다 부모를 찾아 운다.
120383,4,연구소에서 탈출한 생체 골렘의 일부분. 아직도 꿈틀 댄다.
120384,4,전설적인 헌터 반 헬싱이 사용 했다던 성스러운 말뚝
120385,4,하루에 한 번 태엽을 감아 줘야 한다. 시간이 지켜지지 않으면…
120386,4,이 지팡이를 사용하는 사람. 절대 보 낼 수 없다.
120387,4,엄마가 사준 네이비 일자 핏 바지. 다리가 길어보이는 효과를 준다.
120388,4,유행의 선두자 바지. 부츠랑 신으면 찰떡이지만 소화하기 힘들다고 악명 높다.
120389,4,에어로빅 레깅스. 아무나 소화 할 수 없는 악명이 높다. 정말 몸매가 좋아할 것같다.
120390,4,닛X몰캐쉬가 입을 법 한 빨간색 정장 바지. 
120391,4,보는 것보다 입었을 때 더욱 빛을 바라는 하의. 쇼핑몰에서 랭킹 상위권을 유지했다고 한다 
120392,4,평범해 보이지만 눈동자 색은 솜사탕 같다.
120393,4,포도알 같은 아름다운 눈동자 이지만 말걸기 어려운 날카로운 이미지를 가지고있다.
120394,4,잿빛 그레이 순댕이 눈. 부탁 거절을 잘 못할 것만 같다.
120395,4,하늘색 민트색을 가진 소녀소녀한 눈. 이 눈을 바라보고 있으면 마음이 두근두근 하다.
120396,4,공주님 같은 화려한 눈매를 가진 눈. 미인의 눈은 이런 눈 일까?
120397,4,포도알 하나를 똑 따와서 머리에 얹은 것 같은 스타일. 귀여움을 자아낸다.
120398,4,구구콘을 머리에 엎은 것 같은 스타일이다. 달콤한 냄새가 나는 것 같다.
120399,4,나를 지배 해버릴 것만 같은 헤어. 숨겨진 힘이 있을 것만 같다.
120400,4,진정한 패션은 자신감에서 오는 것이 아닐까? 아..멋있다.
120401,4,자연스러운 훈남 헤어. 스타일링이 잘 되어 있다. 뭔가… 인기가 많아질 것만 같다.
120402,4,귀여운 강아지 꼬리. 기분이 좋으면 살랑살랑 흔들린다.
120403,4,100% 소가죽으로 만든 화살집. 아주 튼튼하고 퀄리티가 좋다고 소문났다.
120404,4,순금이 섞였다는 황금 빛 망토. 금가루 떨어질라 금이야 옥이야 하고 있다.
120405,4,딸기 우유가 생각나는 망토. 핑크는 역시 연한 핑크가 이쁘다는 사람들로 인해 새로 출시 됐다고 한다.
120406,4,하단이 포인트 되는 악어로 만든 망토. 악어가죽으로 만들었다 보니 매우 단단하다.
120407,4,푸른 청량한 색을 가진 벨트 자켓. 여름에 입으면 시원한 야들야들한 재질을 가지고 있다.
120408,4,방울 토마토를 연상 시키는 멜빵 상의. 방울 토마토의 싱그러운 상큼함이 느껴진다.
120409,4,무난 중 무난을 달리는 무채색 셔츠. 모던 무난을 좋아하는 사람에게 강추 한다.
120410,4,잔디를 연상 시키는 초록색 카라티. 가슴팍에 달린 미니 포켓이 패션 포인트 이다.
120411,4,도사들이 수련 할 때 입는다는 수련복. 활동성 하나 만큼은 최강이라고 한다.
120412,4,100년을 산다는 장수 사슴 투구벌레를 잡아 만든 지팡이.
120413,4,태양의 힘이 차오를 수록 주위의 태양석이 밝게 빛난다.
120414,4,드루이드들이 인간과의 친합을 위해 선물 했다고 내려오는 지팡이. 매우 질긴 나무로 이루어져 있다.
120415,4,팀의 체력을 책임진다! 인간 성기사 부-부-북-!
120416,4,사용 후 반납 바람. 구석에 조그마낳게 써져 있다.
120417,4,초록색 롱 양말. 연말 시상식에서 누군가가 입고 나와서 유행 하는 패셔니 스타 양말.
120418,4,발레 무대에서 주인공이 신을 법한 빨간색 토슈즈. 한번쯤은 신어보고 싶었다.
120419,4,서부시대를 누비던 카우보이들이 입던 스타일의 바지. 
120420,4,요즘 엠지들은 이런거 입는다며? 에잉~ 라떼는 말이야~
120421,4,미래인 들은 이런 스타일을 좋아 할 것만 같다. 밤에는 빛나는 기능을 가지고 있다던데…
120422,4,그레이 색 처진 눈. 불쌍하고 억울한 이미지를 만들어 준다.
120423,4,귀여운 보라색 눈동자를 가졌지만. 다소 눈매가 날카로워 오해를 많이 받는다.
120424,4,다크써클이 생긴것을 보니 전날 밤새 작업을 한 듯 하다. 충혈..일까 눈동자 색일까? 
120425,4,눈의 매력은 색에서 오는것이 아니겠어? 병아리를 연상케 하는 눈동자이다.
120426,4,화가 많이 나있어서 그럴까..? 매섭게 붉어진 눈이 인상적이다.
120427,4,눈을 소복하게 맞은 것과 같은 헤어 스타일이다. 근처에 가면 살짝 추워질 것 같은 느낌이 든다.
120428,4,어른들이 좋아할 것만 같은 단정한 스타일이다. 단정하지만 의외로 귀여운 느낌을 준다.
120429,4,이 머리를 보고 있으면 배가 고파지는 것만 같다. 어라.. 왜 침이 나오지?
120430,4,어딘가의 소년 만화의 주인공이 이 머리를 가지고 있을 것 같다. 
120431,4,과거 일본 사무라이들이 할 법 한 머리. 이 머리를.. 끼면 뭔가 강해질 것만 같은 기분이 든다.
120432,4,자세히 보면 망토의 자락에 회오리 무늬가 새겨져 있는데 패션 포인트가 되어 준다.
120433,4,순금 금괴 하나를 다 녹여서 제작 했다고 한다. 무려 순금 100% 활집.
120434,4,바다의 포세이돈이 사용 했을 것만 같은 푸른색 망토.
120435,4,착용하면 드루이드의 힘을 빌릴 수 있다는 전설이 내려오는 희귀한 망토이다.
120436,4,도도한 냥이가 되어 볼 수 있는 아이템. 줄무늬 치즈냥이 귀여워.
120437,4,사장님 나이스샷~ 홀인원을 시킬 수 있을 것만 같은 자신감이 넘치기 시작한다.
120438,4,백화점에서 직접 산 명품 자켓. 정말 중요한 날에만 입어야지. 
120439,4,정령의 축복을 받았다는 자켓. 자연과 한몸이 되어 살아 갈 수 있을 것만 같다. 
120440,4,동방에서 전통으로 내려온다는 치파오 상의. 비단 재질로 되어 있어 아주 비싸다.
120441,4,12월 25일마다 어린이를 찾아 다니는 할아버지가 입을 법한 옷이다. 
120442,4,강철의 남자도 이 스태프 앞에선 무용지물이 될 것같다.
120443,4,강렬한 전자기파를 방출하는 장치. 음이온이 나온다.
120444,4,대천사 미카엘이 악마들을 벌 할 때 사용하던 심판봉. 고귀한 아우라가 느껴진다.
120445,4,강력한 마법을 물리력으로 바꿔 줄 수 있을 것 같다.
120446,4,전설 속에서 등장하는 신수의 깃털을 얻는 자는 초인적인 힘을 발휘 한다고 한다.
120447,4,각선미를 가지고 싶다면 하이힐을 신어보자. 너무 매혹적이다.
120448,4,한 가정을 먹여 살리는 아버지의 피와눈물이 깃들어 있을 것만 같다.
120449,4,핑쿠핑쿠 핫핑쿠짱. 핑크는 역시 공주의 색인것 같다. 
120450,4,유행을 안타는 보라색 운동화. 장만 해 두면 오래오래 신을 수 있다.
120451,4,이상한나라의 앨리스에 등장하는 하트여왕이 신었던 구두이다. 죄악이 등골을 타고 흐르는 듯하다.
120452,4,순둥순둥한 눈매와 핑크핑크한 눈동자. 여성미를 한껏 뽐내고 있다.
120453,4,햇살과 같은 따스한 눈빛으로 바라봐 주는 것 같다. 
120454,4,화려하지만 잔잔한 느낌을 주는 물망초 같은 눈.
120455,4,마치 환상속에서 바라 볼 것 같은 눈동자를 가지고 있는 환상의 눈.
120456,4,날 어둠으로 유혹하는 것만 같은 악마의 눈을 가지고 있다.
120457,4,물과 얼음을 다룰 수 있을 것만 같은 머리 이다. 꽤 스타일리쉬 하다.
120458,4,사랑스러운 꼬불 앞머리와 헤어핀을 꼿고 있다. 몽글몽글한 느낌과 앙증맞은 느낌을 준다.
120459,4,범인은 너야! 두뇌가 비상해지고 추리력이 올라 갈 것만 같다.
120460,4,한쪽 눈을 가리고 버터와 같은 느끼한 스타일을 자아낸다.
120461,4,엄청 강력한 빌런이 될 수 있을 것 같은 머리. 위로 쏟은 모양이 특징이다.
120462,4,겨울왕국에서 모티브를 가져온 아이스 망토. 여름에 유용하게 사용 가능하다.
120463,4,성스러운 검을 품고 있는 검집이다. 성검을 담고 있기에 검집 만으로도 강력한 자태를 뽐낸다.
120464,4,주인이 오면 반갑게 달려 나오는 우리집 개 누렁이 꼬리. 너무 귀엽다.
120465,4,황야의 마녀가 착용 했다던 망토. 저주가 깃들어 있을 수 있지만 그만큼 강력한 힘을 발휘 한다.
120466,4,지금은 사라진 이슬의 요정들이 유일하게 인간에게 선물 했다던 날개 이다. 
120467,8,가늘지만 뜨거운 불을 몬스터를 향해 직선으로 발사한다.
120468,8,화염방사기와 같이 좌에서 우로 화염을 발사 한다.
120469,8,작열하게 타는 원형 화염 구를 몬스터를 향해 소환 한다.
120470,8,몬스터를 향해 이글이글 타오르는 불장벽을 세운다.
120471,8,타 버릴듯한 온도의 폭발을 일으킨다.
120472,8,불꽃이 피어나듯 캐릭터 주변으로 화염 꽃이 피어난다.
120473,8,몬스터를 관통하는 불꽃투사체 1개를 전방으로 발사 한다.
120474,8,캐릭터 주변으로 닿으면 녹여버리는 마그마 보호막을 생성 한다.
120475,8,한줌의 재로 만들어주는 충격파를 캐릭터 주변으로  생성한다.
120476,8,몬스터를 추격하는 불꽃을 체인처럼  발사하여 공격한다.
120477,8,더 강화된 불꽃을 몬스터를 향해 직선으로 발사한다.
120478,8,더 멀리까지 맞는 화염 방사를 좌에서 우로 발사한다.
120479,8,더 강화되어 커진 화염구를 소환 하여 공격한다.
120480,8,몬스터를 향해 더 이글거리는 불장벽을 세운다.
120481,8,더 크고 강해진 폭발력을 가진 폭발 공격을 가한다.
120482,8,더 많은 몬스터를 품을 수 있는 화염꽃을 피워낸다.
120483,8,더 크고 강해진 몬스터를 관통하는 불꽃2개를 전방으로 발사한다.
120484,8,커지고 지속 시간이 강화된 마그마 보호막 공격을 생성 한다.
120485,8,더 커진 충격파 공격을 캐릭터 주변으로 생성한다. 
120486,8,더 크고 강해진 불꽃으로 더 많은 몬스터를 체인 공격 한다.
120487,8,길고 화려해진 화염을 직선으로 발사한다.
120488,8,캐릭터 주위를 감싸듯 화염방사 공격을 가해 몬스터를 공격한다.
120489,8,녹아버릴 것만 같은 화염구를 2개 소환 한다.
120490,8,더 길고 강력해진 불장벽을 세운다.
120491,8,더 커지고 강력한 폭발 공격을 2번 가한다.
120492,8,더 섬세하고 강력하게 태워 버리는 화염을 가진 화염꽃이 생성된다.
120493,8,더 크고 화려해져 몬스터를 관통하는 불꽃 투사체 3개를 전방으로 발사한다.
120494,8,더 뜨거운 온도를 가진 마그마 보호막을 생성하여 몬스터를 녹여버린다.
120495,8,더 커지고 강력해진 충격파 공격을 캐릭터 주변으로 생성한다. 
120496,8,더 많은 몬스터를 추격하여 공격하는 불꽃 체인을 발사한다.
120497,8,최고로 화려하고 강력한 화염을 직선으로 발사 한다.
120498,8,캐릭터 주변으로 화염을 발사해서 몬스터를 한 줌의 재로 만들어 버린다.
120499,8,최고로 커지고 긴 지속시간을 가진 화염구 2개를 소환하여 공격한다.
120500,8,길이가 길어지고 긴 지속시간을 가진 불 장벽을 몬스터 앞에 소환하여 꼼짝 못하게 한다.
120501,8,제일 강력한 폭발력을 가진 폭발을 공격을 3번 가한다. 
120502,8,범위가 더욱 커지고 강력해진 화염꽃이 생성 된다.
120503,8,뜨겁다 못해 푸른색으로 변해버린 화염 투사체를 4개 날린다.
120504,8,범위가 더욱 커지고 지속시간이 증가된 마그마 보호막을 생성한다.
120505,8,몬스터가 왜 죽었는지도 모르게끔 하는 더욱 강력해진 충격파를 캐릭터 주변으로 생성한다.
120506,8,번개만큼 빠른 불꽃 번개 체인을 발사하여 공격한다.
120507,9,머리 C 시너지
120508,9,머리 B 시너지
120509,9,머리 A 시너지
120510,9,머리 S 시너지
120511,9,머리 SS 시너지
120512,9,머리 SSS 시너지
120513,9,얼굴 C 시너지
120514,9,얼굴 B 시너지
120515,9,얼굴 A 시너지
120516,9,얼굴 S 시너지
120517,9,얼굴 SS 시너지
120518,9,얼굴 SSS 시너지
120519,9,상의 C 시너지
120520,9,상의 B 시너지
120521,9,상의 A 시너지
120522,9,상의 S 시너지
120523,9,상의 SS 시너지
120524,9,상의 SSS 시너지
120525,9,하의 C 시너지
120526,9,하의 B 시너지
120527,9,하의 A 시너지
120528,9,하의 S 시너지
120529,9,하의 SS 시너지
120530,9,하의 SSS 시너지
120531,9,무기 C 시너지
120532,9,무기 B 시너지
120533,9,무기 A 시너지
120534,9,무기 S 시너지
120535,9,무기 SS 시너지
120536,9,무기 SSS 시너지
120537,9,망토 C 시너지
120538,9,망토 A 시너지
120539,9,망토 B 시너지
120540,9,망토 S 시너지
120541,9,망토 SS 시너지
120542,9,망토 SSS 시너지
120543,1,골드 던전 플레이
120544,1,다이아 던전 플레이
120545,1,장비 뽑기
120546,1,[조합 강화]필드 최대 개수 \n 증가 강화
120547,10,◆[강화]: 몬스터를 처치하거나 퀘스트 및 던전에서 획득 한 [골드]를 소모하여 캐릭터 성장에 필요한 다양한 능력치를 상승 시킬 수 있습니다. \n 강화 레벨이 올라감에 따라 능력치가 상승 되고 소모하는 골드도 증가 됩니다.
120548,10,◆[인벤토리]: 게임의 콘텐츠에서 얻은 장비와 아이템 등을 보관합니다. 인벤토리는 크게 [장비]와 [잡화]로 분류 됩니다. 각 장비를 누르면 장비의 자세한 정보를 확인 할 수 있습니다. \n ◆[장비]: 장비뽑기에서 획득 할 수 있으며 캐릭터에 장착 하면 유용한 능력치를 얻을 수 있습니다. \n 장비는 머리 얼굴 상의 하의 무기 망토 6가지 부위로 나뉘어 장착 할 수 있습니다. \n ◆[장비 등급]: 장비는 고유한 등급을 가지고 있으며 높은 등급을 가지고 있는 장비 일 수록 더 좋은 옵션을 가지고 있을 수 있습니다. \n 그러나 높은 등급을 가지고 있더라도 확률적으로 \n 하위의 등급보다 낮은 옵션을 가지고 있을 수 있습니다. \n ◆[장비 옵션]: 장비의 부위마다 고유로 가지고 있는 능력치 입니다. 장비의 등급이 높아질수록 \n 옵션의 개수가 늘어나고 붙는 옵션의 수치 또한 늘어납니다. \n ◆[장비 분해]: 획득한 장비를 선택하여 분해 할 수 있습니다. 장비를 분해 하면 장비를 강화 할 때 \n 쓰이는 [강화석]을 획득 할 수 있습니다. \n 자동 분해를 통해 부위 등급에 따라 일괄 분해도 가능 합니다. \n ◆[잡화]: 뽑기 티켓 던전 열쇠 강화석 등 \n 소모성 아이템들이 모이는 곳 입니다.
120549,10,◆[장착 칸 강화]: 장비를 장착 할 수 있는 [장착 칸]을 강화 할 수 있습니다. 장착 부위에 따라 슬롯이 나뉘어 있으며 부위별로 어떠한 장비를 끼든 \n 같은 강화 효과를 받을 수 있습니다. \n 다만 착용 칸 강화의 레벨은 장비의 등급에 따라 적용 되는 레벨이 한정 되어 있습니다. \n ◆[장착 칸 강화 레벨]: 장착 칸을 강화하기 위해서는 [강화석]과 [골드]가 사용 됩니다. \n 장착 칸을 강화하면 장착 칸 강화 레벨이 오르게 되고 레벨이 오르면 착용 중인 장비의 옵션에 맞게 수치가 상승 됩니다. \n ◆[강화 성공 확률]: 장착 칸 강화는 확률에 따라 성공 할 수도 실패 할 수도 있습니다. \n 처음에는 100%의 확률로 시작 하지만 강화 레벨이 올라 갈수록 확률은 조금씩 낮아 집니다.  \n  그러나 강화에 실패 하게 되면 성공 확률을 조금씩 높아집니다. \n 실패로 인해 소모 된 강화석 과 골드는 돌려 받을 수 없습니다.
120550,10,◆[장비 뽑기]: 장비를 획득 할 수 있는 랜덤 뽑기 입니다. 뽑기를 진행하기 위해서는 [다이아] 혹은 [뽑기 티켓]이 소모 됩니다. \n 획득한 장비는 자동으로 인벤토리로 이동 됩니다. \n ◆[장비 뽑기 버튼]: 장비 소환 버튼을 누르면 장비를 획득 할 수 있습니다. \n 장비 소환은 1회 10회 30회로 나누어 소환이 가능 합니다. \n ◆[장비 뽑기 레벨]: 장비를 뽑는 횟수가 쌓이면 뽑기 레벨이 올라 갑니다. \n 뽑기 레벨이 오르면 더 높은 등급의 장비가 해금 되고 획득 할 확률이 높아집니다. \n  ◆[확률 안내]: 장비 뽑기 레벨에 따른 장비 획득 확률을 확인 할 수 있습니다.
120551,10,◆[골드 던전]: 골드 던전은 [골드]를 획득 할 수 있는 던전 컨텐츠 입니다. 제한 시간 내에 입힌 데미지에 따라 던전 보상 단계가 상승 하고 더 많은 [골드]를 획득 할 수 있습니다. \n ◆[플레이 방법]: 제한 시간 30초 내에 몬스터 에게 최대한 높은 데미지를 입혀 보상을 획득 할 수 \n 있습니다. \n ◆[골드 던전 입장]: 골드 던전을 입장하기 위해서는 [골드 던전 열쇠]가 필요합니다. 입장 시 [골드 던전 열쇠]가 1개 소모 됩니다.
120552,10,◆[다이아 던전]: 다이아 던전은 [다이아]를 획득 할 수 있는 던전 컨텐츠 입니다. \n 제한 시간 내에 등장하는 보스 몬스터를 처치하면 던전 단계가 클리어 되고 [다이아]를 획득 할 수 있습니다. \n 던전 클리어 후 다음 던전 단계에 도전 할 수 있고 단계가 올라 갈수록 더 많은 [다이아]를 획득 할 수 있습니다. \n ◆[플레이 방법]: 제한 시간 30초 내에 차례로 등장 하는 3마리의 보스 몬스터를 처치 하면 보상을 \n 획득 할 수 있습니다. \n ◆[다이아 던전 입장]: 다이아 던전을 입장하기 위해서는 [다이아 던전 열쇠]가 필요합니다. \n 입장 시 [다이아 던전 열쇠]가 1개 소모 됩니다.
120553,10,◆[장비 도감]: 장비 도감은 획득 한 장비들의 기록과 정보를 볼 수 있으며 최초 획득 여부 관해서 [다이아] 보상을 획득 할 수 있습니다. \n ◆[장비 도감 시너지]: 장비 도감 시너지는 장착 부위 별로 나누어진 시너지 효과를 획득 하고 시너지 효과를 강화 할 수 있습니다. \n 장비 부위마다 정해진 시너지 효과가 다르며 등급별로 도감을 채우게 되면 각각의 시너지 효과를 얻을 수 있습니다. \n 시너지 효과는 등급이 완성 될 때 수치가 더해지며 증가 합니다.
120554,10,◆[스킬 도감]: 스킬 도감은 새롭게 획득 한 스킬의 기록과 단계 그리고 스킬 정보를 볼 수 있으며 최초 획득 여부에 관해서 \n [다이아] 보상을 획득 할 수 있습니다.
120555,10,◆[오프라인 보상]: 게임에 접속 하고 있지 않았을 때 미접속시간과 현재 스테이지에 따라 [골드]와 확률적으로 [다이아]를 획득 가능한 시스템 입니다. \n 오프라인 보상이 가능한 최대 시간은 12시간 이며 미접속 시간이 길 수록 현재 스테이지 단계가 높을수록 보상 수량이 높아집니다.